epoch,time,train/box_loss,train/cls_loss,train/dfl_loss,metrics/precision(B),metrics/recall(B),metrics/mAP50(B),metrics/mAP50-95(B),val/box_loss,val/cls_loss,val/dfl_loss,lr/pg0,lr/pg1,lr/pg2
1,9.14452,0,82.9742,0,0,0,0,0,0,56.7215,0,2e-05,2e-05,2e-05
2,17.2368,0,82.5986,0,0,0,0,0,0,56.8108,0,5.703e-05,5.703e-05,5.703e-05
3,24.4214,0,81.4253,0,0,0,0,0,0,56.8723,0,9.01e-05,9.01e-05,9.01e-05
4,32.5016,0,80.516,0,0,0,0,0,0,56.9329,0,0.00011921,0.00011921,0.00011921
5,40.0288,0,79.6879,0,0,0,0,0,0,57.0525,0,0.00014436,0.00014436,0.00014436
6,47.6592,0,78.6694,0,0,0,0,0,0,57.2179,0,0.00016555,0.00016555,0.00016555
7,55.3488,0,77.4358,0,0,0,0,0,0,57.3937,0,0.00018278,0.00018278,0.00018278
8,63.1639,0,76.0983,0,0,0,0,0,0,57.5098,0,0.00019605,0.00019605,0.00019605
9,70.5694,0,74.2106,0,0,0,0,0,0,57.5008,0,0.00020536,0.00020536,0.00020536
10,78.3455,0,73.6408,0,0,0,0,0,0,57.4784,0,0.00021071,0.00021071,0.00021071
11,86.0262,0,72.188,0,0,0,0,0,0,57.4667,0,0.0002121,0.0002121,0.0002121
12,94.1509,0,71.1138,0,0,0,0,0,0,57.4076,0,0.00020953,0.00020953,0.00020953
13,105.885,0,70.027,0,0,0,0,0,0,57.3018,0,0.000203,0.000203,0.000203
14,113.844,0,68.8503,0,0,0,0,0,0,57.154,0,0.00019251,0.00019251,0.00019251
15,124.717,0,67.6012,0,0,0,0,0,0,56.9716,0,0.00017806,0.00017806,0.00017806
16,137.516,0,66.5784,0,0,0,0,0,0,56.6939,0,0.00015965,0.00015965,0.00015965
17,150.116,0,66.2222,0,0,0,0,0,0,56.6059,0,0.00013728,0.00013728,0.00013728
18,158.355,0,65.5428,0,0,0,0,0,0,56.5811,0,0.00011095,0.00011095,0.00011095
19,168.078,0,64.7859,0,0,0,0,0,0,56.5355,0,8.066e-05,8.066e-05,8.066e-05
20,181.292,0,64.2327,0,0,0,0,0,0,56.4066,0,4.641e-05,4.641e-05,4.641e-05
